Marca temporal,¿Qué edad tienes?,¿Qué dispositivos usas principalmente?,"¿Cuántas horas al día, en promedio, utiliza su dispositivo móvil (celular, tablet) en días laborables?","  ¿Cuántas horas diarias pasas, en promedio, específicamente en Redes Sociales? (Instagram, TikTok, Twitter/X, etc.)  ",  ¿Cuál es tu promedio académico actual o estimado en este ciclo lectivo? (Nota del 1 al 10)  ,"¿Cuántas horas al día, en promedio, utiliza su dispositivo móvil durante los fines de semana?",¿Cuál es la principal actividad que realiza en su dispositivo móvil?,Indique en qué rango de tiempo usted suele revisar su dispositivo con mayor frecuencia. [Lunes a Viernes],Indique en qué rango de tiempo usted suele revisar su dispositivo con mayor frecuencia. [Sábados y Domingos],Evalúe su nivel de dependencia del dispositivo móvil (1 siendo muy baja y 10 siendo muy alta).,¿Considera que su uso de pantalla afecta negativamente su sueño o productividad?
2026-06-08 12:41:39,20,Android,1 a 2 horas,4 horas,9,4 a 6 horas,"Redes sociales (Instagram, TikTok, Facebook, X), Juegos (Móviles)","Temprano en la mañana (antes de las 9:00), Mediodía (12:00 a 14:00), Tarde (17:00 a 20:00)","Temprano en la mañana (antes de las 9:00), Mediodía (12:00 a 14:00), Tarde (17:00 a 20:00), Noche (después de las 22:00)",4,Moderadamente
2026-06-08 12:48:58,21,Android,4 a 6 horas,1 hora,7,Más de 6 horas,"Consumo de video (YouTube, Netflix), Juegos (Móviles), Trabajo o estudios",Noche (después de las 22:00),Noche (después de las 22:00),7,Ligeramente
2026-06-08 12:49:12,24,Android,4 a 6 horas,No se 3,8,Más de 6 horas,"Consumo de video (YouTube, Netflix)",Tarde (17:00 a 20:00),"Temprano en la mañana (antes de las 9:00), Tarde (17:00 a 20:00)",9,Ligeramente
2026-06-08 12:49:27,20 años ,Android,1 a 2 horas,"1 hora más o menos por día me la paso en redes sociales, mayoritariamente en Instagram ",8,Menos de 1 hora,"Redes sociales (Instagram, TikTok, Facebook, X), Comunicación (WhatsApp, Telegram, llamadas), Lectura de noticias o navegación web",Mediodía (12:00 a 14:00),"Mediodía (12:00 a 14:00), Noche (después de las 22:00)",2,"No, en absoluto"
2026-06-08 12:50:59,22 años,Android,4 a 6 horas,2 a 3 horas,8,4 a 6 horas,"Redes sociales (Instagram, TikTok, Facebook, X), Comunicación (WhatsApp, Telegram, llamadas), Consumo de video (YouTube, Netflix)","Tarde (17:00 a 20:00), Noche (después de las 22:00)","Mediodía (12:00 a 14:00), Tarde (17:00 a 20:00), Noche (después de las 22:00)",6,Ligeramente
2026-06-08 12:51:41,21,Android,Más de 6 horas,No tengo,6,Más de 6 horas,"Comunicación (WhatsApp, Telegram, llamadas), Consumo de video (YouTube, Netflix), Lectura de noticias o navegación web",Tarde (17:00 a 20:00),"Tarde (17:00 a 20:00), Noche (después de las 22:00)",8,Moderadamente
2026-06-08 12:55:50,19,Android,Más de 6 horas,5,6,Más de 6 horas,"Redes sociales (Instagram, TikTok, Facebook, X), Comunicación (WhatsApp, Telegram, llamadas), Consumo de video (YouTube, Netflix), Lectura de noticias o navegación web",Noche (después de las 22:00),Tarde (17:00 a 20:00),8,Ligeramente
2026-06-08 12:57:42,47,Iphone,2 a 4 horas,2,8,4 a 6 horas,"Comunicación (WhatsApp, Telegram, llamadas), Consumo de video (YouTube, Netflix), Lectura de noticias o navegación web",Tarde (17:00 a 20:00),"Mediodía (12:00 a 14:00), Tarde (17:00 a 20:00), Noche (después de las 22:00)",4,Moderadamente
2026-06-08 12:58:04,16,Android,2 a 4 horas,5 horas ,9,4 a 6 horas,"Redes sociales (Instagram, TikTok, Facebook, X), Comunicación (WhatsApp, Telegram, llamadas), Trabajo o estudios","Temprano en la mañana (antes de las 9:00), Mediodía (12:00 a 14:00)","Tarde (17:00 a 20:00), Noche (después de las 22:00)",7,Ligeramente
2026-06-08 13:00:44,47,Iphone,Menos de 1 hora,2 horas,1,Menos de 1 hora,"Comunicación (WhatsApp, Telegram, llamadas)",Mediodía (12:00 a 14:00),"Mediodía (12:00 a 14:00), Tarde (17:00 a 20:00)",1,Moderadamente
2026-06-08 13:02:00,16,Android,4 a 6 horas,11 horas,7,Más de 6 horas,"Redes sociales (Instagram, TikTok, Facebook, X), Comunicación (WhatsApp, Telegram, llamadas), Juegos (Móviles)",Temprano en la mañana (antes de las 9:00),Temprano en la mañana (antes de las 9:00),4,Ligeramente
2026-06-08 13:03:37,13,Android,2 a 4 horas,2 a 5,9,Menos de 1 hora,"Redes sociales (Instagram, TikTok, Facebook, X)",Tarde (17:00 a 20:00),Noche (después de las 22:00),7,"No, en absoluto"
2026-06-08 13:03:43,16,Android,Más de 6 horas,6o 7,6,Más de 6 horas,"Redes sociales (Instagram, TikTok, Facebook, X), Comunicación (WhatsApp, Telegram, llamadas), Trabajo o estudios",Temprano en la mañana (antes de las 9:00),Noche (después de las 22:00),5,Moderadamente
2026-06-08 13:05:01,13,Android,2 a 4 horas,24/7,4,2 a 4 horas,"Redes sociales (Instagram, TikTok, Facebook, X)",Mediodía (12:00 a 14:00),Mediodía (12:00 a 14:00),5,Ligeramente
2026-06-08 13:05:33,23,Android,Más de 6 horas,7,10,4 a 6 horas,"Redes sociales (Instagram, TikTok, Facebook, X), Comunicación (WhatsApp, Telegram, llamadas)","Mediodía (12:00 a 14:00), Tarde (17:00 a 20:00)","Mediodía (12:00 a 14:00), Tarde (17:00 a 20:00)",10,"No, en absoluto"
2026-06-08 13:07:26,16,Iphone,Más de 6 horas,tarde o noche ,9,Más de 6 horas,"Redes sociales (Instagram, TikTok, Facebook, X), Trabajo o estudios","Tarde (17:00 a 20:00), Noche (después de las 22:00)","Mediodía (12:00 a 14:00), Tarde (17:00 a 20:00), Noche (después de las 22:00)",4,"No, en absoluto"
2026-06-08 13:08:15,38,Android,4 a 6 horas,Instagram 1 a 2 horas ,8,Más de 6 horas,"Redes sociales (Instagram, TikTok, Facebook, X), Comunicación (WhatsApp, Telegram, llamadas)",Temprano en la mañana (antes de las 9:00),Temprano en la mañana (antes de las 9:00),4,Moderadamente
2026-06-08 13:11:00,17,Iphone,4 a 6 horas,Tal vez unas 4 o 5 horas,6,4 a 6 horas,"Redes sociales (Instagram, TikTok, Facebook, X), Comunicación (WhatsApp, Telegram, llamadas), Consumo de video (YouTube, Netflix), Juegos (Móviles), Trabajo o estudios","Mediodía (12:00 a 14:00), Tarde (17:00 a 20:00)","Tarde (17:00 a 20:00), Noche (después de las 22:00)",8,Moderadamente
2026-06-08 13:14:35,37,Android,Más de 6 horas,2,9,4 a 6 horas,Trabajo o estudios,Temprano en la mañana (antes de las 9:00),Tarde (17:00 a 20:00),9,Ligeramente
2026-06-08 13:14:54,17,Iphone,Más de 6 horas,5-6,9,Más de 6 horas,"Redes sociales (Instagram, TikTok, Facebook, X), Comunicación (WhatsApp, Telegram, llamadas)","Temprano en la mañana (antes de las 9:00), Mediodía (12:00 a 14:00), Tarde (17:00 a 20:00)","Mediodía (12:00 a 14:00), Tarde (17:00 a 20:00), Noche (después de las 22:00)",5,Ligeramente
2026-06-08 13:17:56,15,Android,Más de 6 horas,todo el dia,8,Más de 6 horas,"Redes sociales (Instagram, TikTok, Facebook, X)",Temprano en la mañana (antes de las 9:00),Temprano en la mañana (antes de las 9:00),10,Ligeramente
2026-06-08 13:19:17,16,Iphone,4 a 6 horas,"depende el dia pero hoy casi unas 4 horas, mas q nada en TikTok e Instagram.",7,4 a 6 horas,"Redes sociales (Instagram, TikTok, Facebook, X), Comunicación (WhatsApp, Telegram, llamadas), Lectura de noticias o navegación web","Temprano en la mañana (antes de las 9:00), Mediodía (12:00 a 14:00), Tarde (17:00 a 20:00)","Mediodía (12:00 a 14:00), Tarde (17:00 a 20:00), Noche (después de las 22:00)",6,Moderadamente
2026-06-08 13:22:15,34,Android,Más de 6 horas,Más de 6 horas,7,Más de 6 horas,"Redes sociales (Instagram, TikTok, Facebook, X)",Mediodía (12:00 a 14:00),"Mediodía (12:00 a 14:00), Tarde (17:00 a 20:00), Noche (después de las 22:00)",10,Moderadamente
2026-06-08 13:23:31,19,Android,1 a 2 horas,Una hora y media ,8,Menos de 1 hora,"Comunicación (WhatsApp, Telegram, llamadas), Juegos (Móviles), Lectura de noticias o navegación web",Temprano en la mañana (antes de las 9:00),Noche (después de las 22:00),6,Ligeramente
2026-06-08 13:24:43,14,Android,4 a 6 horas,Máximo 5 ,6,Más de 6 horas,"Redes sociales (Instagram, TikTok, Facebook, X), Comunicación (WhatsApp, Telegram, llamadas), Juegos (Móviles)",Temprano en la mañana (antes de las 9:00),"Temprano en la mañana (antes de las 9:00), Mediodía (12:00 a 14:00), Tarde (17:00 a 20:00), Noche (después de las 22:00)",7,"No, en absoluto"
2026-06-08 13:27:25,16,Android,2 a 4 horas,4 o 5 horas,10,2 a 4 horas,Trabajo o estudios,"Mediodía (12:00 a 14:00), Tarde (17:00 a 20:00)","Temprano en la mañana (antes de las 9:00), Noche (después de las 22:00)",9,Moderadamente
2026-06-08 13:27:30,17,Android,Más de 6 horas,3 horas,9,Más de 6 horas,"Redes sociales (Instagram, TikTok, Facebook, X)","Temprano en la mañana (antes de las 9:00), Mediodía (12:00 a 14:00), Tarde (17:00 a 20:00)","Temprano en la mañana (antes de las 9:00), Mediodía (12:00 a 14:00), Tarde (17:00 a 20:00)",7,Moderadamente
2026-06-08 13:27:58,20,Android,1 a 2 horas,2,8,2 a 4 horas,"Redes sociales (Instagram, TikTok, Facebook, X), Comunicación (WhatsApp, Telegram, llamadas), Juegos (Móviles)","Temprano en la mañana (antes de las 9:00), Tarde (17:00 a 20:00)","Temprano en la mañana (antes de las 9:00), Tarde (17:00 a 20:00)",9,Moderadamente
2026-06-08 13:31:53,34,Android,Más de 6 horas,Muchas porque trabajo con eso,7,Más de 6 horas,Trabajo o estudios,Temprano en la mañana (antes de las 9:00),Temprano en la mañana (antes de las 9:00),8,"No, en absoluto"
2026-06-08 13:34:37,16,Android,Menos de 1 hora,Tiktok media hora,9,Menos de 1 hora,"Redes sociales (Instagram, TikTok, Facebook, X)",Temprano en la mañana (antes de las 9:00),Mediodía (12:00 a 14:00),4,Ligeramente
2026-06-08 13:36:52,37,Android,2 a 4 horas,3,8,Más de 6 horas,"Redes sociales (Instagram, TikTok, Facebook, X), Comunicación (WhatsApp, Telegram, llamadas)",Noche (después de las 22:00),Tarde (17:00 a 20:00),7,Ligeramente
2026-06-08 13:38:54,15,Android,4 a 6 horas,1 hora,7,4 a 6 horas,"Comunicación (WhatsApp, Telegram, llamadas), Juegos (Móviles)","Temprano en la mañana (antes de las 9:00), Tarde (17:00 a 20:00)","Mediodía (12:00 a 14:00), Tarde (17:00 a 20:00)",6,Moderadamente
2026-06-08 13:40:36,15,Android,Más de 6 horas,4 hs,5,Más de 6 horas,"Redes sociales (Instagram, TikTok, Facebook, X)",Tarde (17:00 a 20:00),Tarde (17:00 a 20:00),2,Significativamente
2026-06-08 13:40:47,17,Android,Más de 6 horas,Y ni idea ,7,Más de 6 horas,"Redes sociales (Instagram, TikTok, Facebook, X)","Mediodía (12:00 a 14:00), Tarde (17:00 a 20:00), Noche (después de las 22:00)","Mediodía (12:00 a 14:00), Tarde (17:00 a 20:00), Noche (después de las 22:00)",10,Moderadamente
2026-06-08 13:48:39,18,Android,4 a 6 horas,Entre 4 y 5 horas,8,Más de 6 horas,"Redes sociales (Instagram, TikTok, Facebook, X), Comunicación (WhatsApp, Telegram, llamadas)","Temprano en la mañana (antes de las 9:00), Mediodía (12:00 a 14:00), Tarde (17:00 a 20:00), Noche (después de las 22:00)","Temprano en la mañana (antes de las 9:00), Mediodía (12:00 a 14:00), Tarde (17:00 a 20:00), Noche (después de las 22:00)",6,Ligeramente
2026-06-08 13:49:49,44,Android,2 a 4 horas,1 hora,7,1 a 2 horas,"Redes sociales (Instagram, TikTok, Facebook, X)",Mediodía (12:00 a 14:00),Tarde (17:00 a 20:00),2,Significativamente
2026-06-08 13:54:18,13,Android,1 a 2 horas,1 hora,8,Menos de 1 hora,"Comunicación (WhatsApp, Telegram, llamadas), Juegos (Móviles), Trabajo o estudios, Lectura de noticias o navegación web","Temprano en la mañana (antes de las 9:00), Mediodía (12:00 a 14:00), Tarde (17:00 a 20:00), Noche (después de las 22:00)",Tarde (17:00 a 20:00),3,"No, en absoluto"
2026-06-08 13:55:17,13,Android,Menos de 1 hora,1 hora,8,Menos de 1 hora,"Comunicación (WhatsApp, Telegram, llamadas), Juegos (Móviles), Trabajo o estudios, Lectura de noticias o navegación web","Temprano en la mañana (antes de las 9:00), Mediodía (12:00 a 14:00), Tarde (17:00 a 20:00), Noche (después de las 22:00)",Tarde (17:00 a 20:00),3,"No, en absoluto"
2026-06-08 14:05:35,60,Android,4 a 6 horas,4,9,2 a 4 horas,"Redes sociales (Instagram, TikTok, Facebook, X), Comunicación (WhatsApp, Telegram, llamadas), Juegos (Móviles), Lectura de noticias o navegación web","Mediodía (12:00 a 14:00), Tarde (17:00 a 20:00), Noche (después de las 22:00)","Mediodía (12:00 a 14:00), Noche (después de las 22:00)",7,Ligeramente
2026-06-08 14:27:44,19,Android,2 a 4 horas,1 hora ,6,4 a 6 horas,"Redes sociales (Instagram, TikTok, Facebook, X), Trabajo o estudios, Lectura de noticias o navegación web","Mediodía (12:00 a 14:00), Tarde (17:00 a 20:00)","Mediodía (12:00 a 14:00), Noche (después de las 22:00)",4,Ligeramente
2026-06-08 14:29:16,43,Android,2 a 4 horas,1,10,2 a 4 horas,Trabajo o estudios,"Mediodía (12:00 a 14:00), Tarde (17:00 a 20:00)",Mediodía (12:00 a 14:00),4,"No, en absoluto"
2026-06-08 14:33:16,49,Android,4 a 6 horas,1 o 2 hs,8,4 a 6 horas,Trabajo o estudios,"Temprano en la mañana (antes de las 9:00), Mediodía (12:00 a 14:00), Tarde (17:00 a 20:00), Noche (después de las 22:00)","Mediodía (12:00 a 14:00), Noche (después de las 22:00)",5,Moderadamente
2026-06-08 14:36:02,22,Android,Más de 6 horas,6,8,Más de 6 horas,"Comunicación (WhatsApp, Telegram, llamadas), Consumo de video (YouTube, Netflix), Trabajo o estudios","Temprano en la mañana (antes de las 9:00), Mediodía (12:00 a 14:00), Tarde (17:00 a 20:00), Noche (después de las 22:00)","Temprano en la mañana (antes de las 9:00), Mediodía (12:00 a 14:00), Tarde (17:00 a 20:00), Noche (después de las 22:00)",10,Significativamente
2026-06-08 14:41:07,16,Android,2 a 4 horas,Más o menos 3 horas en instagram y en WhatsApp y en tik tok ,6,4 a 6 horas,"Redes sociales (Instagram, TikTok, Facebook, X)",Temprano en la mañana (antes de las 9:00),Mediodía (12:00 a 14:00),5,Ligeramente
2026-06-08 14:59:00,21,Android,4 a 6 horas,4 horas,7,Más de 6 horas,"Redes sociales (Instagram, TikTok, Facebook, X), Trabajo o estudios",Tarde (17:00 a 20:00),"Mediodía (12:00 a 14:00), Tarde (17:00 a 20:00)",7,Ligeramente
2026-06-08 15:12:07,22,Android,Más de 6 horas,"tiktok 2hs, instagram 3, X 2hs ",6,Más de 6 horas,"Redes sociales (Instagram, TikTok, Facebook, X), Comunicación (WhatsApp, Telegram, llamadas)","Mediodía (12:00 a 14:00), Tarde (17:00 a 20:00), Noche (después de las 22:00)","Mediodía (12:00 a 14:00), Tarde (17:00 a 20:00), Noche (después de las 22:00)",8,Significativamente
2026-06-08 15:34:52,36,Iphone,1 a 2 horas,3 horas,8,2 a 4 horas,"Redes sociales (Instagram, TikTok, Facebook, X), Comunicación (WhatsApp, Telegram, llamadas)",Tarde (17:00 a 20:00),Tarde (17:00 a 20:00),5,Ligeramente
2026-06-08 16:10:31,19,Android,Más de 6 horas,1 hora o 2,5,2 a 4 horas,"Redes sociales (Instagram, TikTok, Facebook, X)",Tarde (17:00 a 20:00),Mediodía (12:00 a 14:00),6,Ligeramente
2026-06-08 18:07:41,25,Android,2 a 4 horas,Instagram ,8,2 a 4 horas,"Redes sociales (Instagram, TikTok, Facebook, X), Consumo de video (YouTube, Netflix), Trabajo o estudios, Lectura de noticias o navegación web",Mediodía (12:00 a 14:00),Tarde (17:00 a 20:00),4,Moderadamente
2026-06-08 20:59:29,19,Android,Menos de 1 hora,1 hora 30 min.,8,2 a 4 horas,"Redes sociales (Instagram, TikTok, Facebook, X), Comunicación (WhatsApp, Telegram, llamadas), Consumo de video (YouTube, Netflix), Juegos (Móviles), Trabajo o estudios","Temprano en la mañana (antes de las 9:00), Mediodía (12:00 a 14:00), Tarde (17:00 a 20:00)","Temprano en la mañana (antes de las 9:00), Mediodía (12:00 a 14:00), Tarde (17:00 a 20:00)",8,Ligeramente
2026-06-08 21:07:37,17,Iphone,4 a 6 horas,2 a 3 horas ,9,4 a 6 horas,"Redes sociales (Instagram, TikTok, Facebook, X), Comunicación (WhatsApp, Telegram, llamadas), Trabajo o estudios",Temprano en la mañana (antes de las 9:00),Tarde (17:00 a 20:00),7,Significativamente
2026-06-08 21:08:41,40,Android,1 a 2 horas,2 horas ,7,1 a 2 horas,Trabajo o estudios,Mediodía (12:00 a 14:00),Mediodía (12:00 a 14:00),4,Moderadamente
2026-06-08 21:14:10,65 años,Android,2 a 4 horas,Cómo distracción 2hs,7,4 a 6 horas,"Comunicación (WhatsApp, Telegram, llamadas), Lectura de noticias o navegación web",Temprano en la mañana (antes de las 9:00),Noche (después de las 22:00),7,Moderadamente
2026-06-08 21:20:56,60,Android,4 a 6 horas,2,7,2 a 4 horas,"Comunicación (WhatsApp, Telegram, llamadas)",Temprano en la mañana (antes de las 9:00),Tarde (17:00 a 20:00),3,"No, en absoluto"
2026-06-08 21:51:57,15,Android,2 a 4 horas,2,9,4 a 6 horas,"Redes sociales (Instagram, TikTok, Facebook, X)","Temprano en la mañana (antes de las 9:00), Tarde (17:00 a 20:00)","Mediodía (12:00 a 14:00), Tarde (17:00 a 20:00), Noche (después de las 22:00)",7,"No, en absoluto"
2026-06-09 16:27:05,33,Android,1 a 2 horas,2hrs,8,1 a 2 horas,"Consumo de video (YouTube, Netflix), Trabajo o estudios","Mediodía (12:00 a 14:00), Noche (después de las 22:00)","Mediodía (12:00 a 14:00), Tarde (17:00 a 20:00)",4,Significativamente
2026-06-09 20:54:38,50,Android,Más de 6 horas,2,8,2 a 4 horas,"Consumo de video (YouTube, Netflix)",Temprano en la mañana (antes de las 9:00),Tarde (17:00 a 20:00),7,Ligeramente
2026-06-09 21:17:27,57,Android,2 a 4 horas,Menos de 1 hora,4,2 a 4 horas,"Comunicación (WhatsApp, Telegram, llamadas), Lectura de noticias o navegación web",Mediodía (12:00 a 14:00),"Tarde (17:00 a 20:00), Noche (después de las 22:00)",8,"No, en absoluto"
2026-06-09 23:04:12,57,Android,1 a 2 horas,2 hs,9,2 a 4 horas,"Comunicación (WhatsApp, Telegram, llamadas)","Temprano en la mañana (antes de las 9:00), Noche (después de las 22:00)","Mediodía (12:00 a 14:00), Noche (después de las 22:00)",3,Ligeramente
2026-06-10 10:07:31,19,Android,2 a 4 horas,4,8,4 a 6 horas,"Redes sociales (Instagram, TikTok, Facebook, X), Juegos (Móviles)",Tarde (17:00 a 20:00),"Temprano en la mañana (antes de las 9:00), Mediodía (12:00 a 14:00), Tarde (17:00 a 20:00), Noche (después de las 22:00)",4,Ligeramente
2026-06-10 10:47:33,46,Android,2 a 4 horas,Unas 6 hs ,6,Más de 6 horas,"Redes sociales (Instagram, TikTok, Facebook, X), Comunicación (WhatsApp, Telegram, llamadas), Juegos (Móviles), Trabajo o estudios, Lectura de noticias o navegación web","Mediodía (12:00 a 14:00), Tarde (17:00 a 20:00)","Tarde (17:00 a 20:00), Noche (después de las 22:00)",5,Significativamente
2026-06-10 10:49:14,46,Android,2 a 4 horas,6hs ,6,4 a 6 horas,"Redes sociales (Instagram, TikTok, Facebook, X), Comunicación (WhatsApp, Telegram, llamadas), Juegos (Móviles), Trabajo o estudios","Mediodía (12:00 a 14:00), Tarde (17:00 a 20:00)","Mediodía (12:00 a 14:00), Tarde (17:00 a 20:00)",6,Significativamente
2026-06-10 11:28:10,22,Android,4 a 6 horas,2 horas ,8,Más de 6 horas,"Redes sociales (Instagram, TikTok, Facebook, X), Comunicación (WhatsApp, Telegram, llamadas), Trabajo o estudios","Mediodía (12:00 a 14:00), Tarde (17:00 a 20:00), Noche (después de las 22:00)","Mediodía (12:00 a 14:00), Noche (después de las 22:00)",9,Moderadamente
2026-06-10 15:00:52,47,Android,Más de 6 horas,10,9,Más de 6 horas,"Redes sociales (Instagram, TikTok, Facebook, X), Comunicación (WhatsApp, Telegram, llamadas), Trabajo o estudios, Lectura de noticias o navegación web","Mediodía (12:00 a 14:00), Tarde (17:00 a 20:00), Noche (después de las 22:00)",Mediodía (12:00 a 14:00),8,"No, en absoluto"
2026-06-10 15:07:09,29,Android,Más de 6 horas,2horas ,6,4 a 6 horas,"Redes sociales (Instagram, TikTok, Facebook, X), Comunicación (WhatsApp, Telegram, llamadas), Trabajo o estudios","Mediodía (12:00 a 14:00), Tarde (17:00 a 20:00)","Temprano en la mañana (antes de las 9:00), Mediodía (12:00 a 14:00)",9,Ligeramente
2026-06-10 15:08:09,29,Android,2 a 4 horas,1hora,6,1 a 2 horas,"Comunicación (WhatsApp, Telegram, llamadas), Consumo de video (YouTube, Netflix)","Temprano en la mañana (antes de las 9:00), Mediodía (12:00 a 14:00), Tarde (17:00 a 20:00)",Temprano en la mañana (antes de las 9:00),10,Moderadamente
2026-06-10 15:08:47,40,Android,2 a 4 horas,3 hs,9,4 a 6 horas,"Redes sociales (Instagram, TikTok, Facebook, X), Comunicación (WhatsApp, Telegram, llamadas), Trabajo o estudios",Mediodía (12:00 a 14:00),Tarde (17:00 a 20:00),4,Ligeramente
2026-06-10 15:08:54,29,Android,4 a 6 horas,2 a 3 Horas,8,4 a 6 horas,Trabajo o estudios,Tarde (17:00 a 20:00),Noche (después de las 22:00),5,Moderadamente
2026-06-10 15:11:26,40,Android,Más de 6 horas,2 horas,7,2 a 4 horas,"Redes sociales (Instagram, TikTok, Facebook, X), Comunicación (WhatsApp, Telegram, llamadas)",Mediodía (12:00 a 14:00),Noche (después de las 22:00),6,Ligeramente
2026-06-10 15:18:28,29 años,Android,1 a 2 horas,1hora ,6,1 a 2 horas,"Redes sociales (Instagram, TikTok, Facebook, X), Comunicación (WhatsApp, Telegram, llamadas), Consumo de video (YouTube, Netflix), Trabajo o estudios, Lectura de noticias o navegación web",Temprano en la mañana (antes de las 9:00),"Temprano en la mañana (antes de las 9:00), Tarde (17:00 a 20:00)",8,Moderadamente
2026-06-10 15:50:50,18Años,Android,4 a 6 horas,6Horas,8,Más de 6 horas,"Comunicación (WhatsApp, Telegram, llamadas)","Temprano en la mañana (antes de las 9:00), Noche (después de las 22:00)",Tarde (17:00 a 20:00),7,Ligeramente
2026-06-10 16:05:05,42,Android,Más de 6 horas,Casi la mayor parte trabajo con eso son mis herramientas de trabajo (difusion a pleno),8,Más de 6 horas,"Redes sociales (Instagram, TikTok, Facebook, X), Comunicación (WhatsApp, Telegram, llamadas), Trabajo o estudios","Temprano en la mañana (antes de las 9:00), Mediodía (12:00 a 14:00), Tarde (17:00 a 20:00), Noche (después de las 22:00)","Temprano en la mañana (antes de las 9:00), Noche (después de las 22:00)",10,Ligeramente
2026-06-10 16:11:14,48,Android,4 a 6 horas,2 horas,8,2 a 4 horas,Trabajo o estudios,"Mediodía (12:00 a 14:00), Tarde (17:00 a 20:00), Noche (después de las 22:00)","Mediodía (12:00 a 14:00), Noche (después de las 22:00)",6,"No, en absoluto"
2026-06-10 16:40:37,27,Android,Más de 6 horas,Aproximadamente 3 horas,9,Más de 6 horas,"Redes sociales (Instagram, TikTok, Facebook, X), Comunicación (WhatsApp, Telegram, llamadas), Trabajo o estudios","Tarde (17:00 a 20:00), Noche (después de las 22:00)","Tarde (17:00 a 20:00), Noche (después de las 22:00)",9,Moderadamente
2026-06-10 16:45:40,54 años,Android,1 a 2 horas,Entre 1 y 2  horas,8,Menos de 1 hora,"Comunicación (WhatsApp, Telegram, llamadas)",Mediodía (12:00 a 14:00),Mediodía (12:00 a 14:00),10,Significativamente
2026-06-10 17:03:42,56 años ,Android,2 a 4 horas,1 a 2 horas diarias ,8,2 a 4 horas,"Redes sociales (Instagram, TikTok, Facebook, X), Consumo de video (YouTube, Netflix), Trabajo o estudios, Lectura de noticias o navegación web",Temprano en la mañana (antes de las 9:00),"Temprano en la mañana (antes de las 9:00), Tarde (17:00 a 20:00)",5,Ligeramente
2026-06-10 23:06:50,17,Iphone,Más de 6 horas,Pasando 2h o más ,9,Más de 6 horas,Juegos (Móviles),"Mediodía (12:00 a 14:00), Tarde (17:00 a 20:00)","Temprano en la mañana (antes de las 9:00), Tarde (17:00 a 20:00)",8,Significativamente
2026-06-11 11:41:00,19,Android,4 a 6 horas,Minimo 1 hora,7,4 a 6 horas,"Redes sociales (Instagram, TikTok, Facebook, X), Juegos (Móviles), Trabajo o estudios",Tarde (17:00 a 20:00),Tarde (17:00 a 20:00),5,Moderadamente
2026-06-11 11:47:54,19,Android,1 a 2 horas,2.3,9,2 a 4 horas,"Redes sociales (Instagram, TikTok, Facebook, X), Consumo de video (YouTube, Netflix)",Tarde (17:00 a 20:00),"Temprano en la mañana (antes de las 9:00), Noche (después de las 22:00)",7,Significativamente
2026-06-11 11:53:20,44,Android,Más de 6 horas,7 horas ,8,Más de 6 horas,"Redes sociales (Instagram, TikTok, Facebook, X), Comunicación (WhatsApp, Telegram, llamadas), Consumo de video (YouTube, Netflix), Juegos (Móviles), Trabajo o estudios","Temprano en la mañana (antes de las 9:00), Mediodía (12:00 a 14:00)","Temprano en la mañana (antes de las 9:00), Tarde (17:00 a 20:00)",7,Moderadamente
2026-06-11 11:58:16,40 años ,Android,Más de 6 horas,5 hs,7,Más de 6 horas,"Redes sociales (Instagram, TikTok, Facebook, X), Comunicación (WhatsApp, Telegram, llamadas)",Temprano en la mañana (antes de las 9:00),Mediodía (12:00 a 14:00),8,"No, en absoluto"
2026-06-11 21:27:04,13,Android,Más de 6 horas,4,8,Más de 6 horas,"Redes sociales (Instagram, TikTok, Facebook, X), Juegos (Móviles)",Noche (después de las 22:00),"Temprano en la mañana (antes de las 9:00), Mediodía (12:00 a 14:00), Tarde (17:00 a 20:00), Noche (después de las 22:00)",6,Ligeramente
2026-06-11 21:33:57,12,Android,2 a 4 horas,De 2 a 5 o 6 horas,8,Más de 6 horas,"Consumo de video (YouTube, Netflix), Juegos (Móviles)","Mediodía (12:00 a 14:00), Tarde (17:00 a 20:00), Noche (después de las 22:00)","Mediodía (12:00 a 14:00), Tarde (17:00 a 20:00), Noche (después de las 22:00)",5,Moderadamente
2026-06-11 21:46:10,12,Android,Más de 6 horas,4 horas,9,Más de 6 horas,"Redes sociales (Instagram, TikTok, Facebook, X), Comunicación (WhatsApp, Telegram, llamadas), Juegos (Móviles)","Temprano en la mañana (antes de las 9:00), Mediodía (12:00 a 14:00), Tarde (17:00 a 20:00)","Mediodía (12:00 a 14:00), Tarde (17:00 a 20:00), Noche (después de las 22:00)",6,"No, en absoluto"
2026-06-12 11:39:37,23,Iphone,Más de 6 horas,"1 hora instagram, 4 hs whatsapp y 1 hora tiktok",10,Más de 6 horas,"Redes sociales (Instagram, TikTok, Facebook, X), Comunicación (WhatsApp, Telegram, llamadas)","Tarde (17:00 a 20:00), Noche (después de las 22:00)","Tarde (17:00 a 20:00), Noche (después de las 22:00)",3,Moderadamente
2026-06-12 15:06:10,11,Android,4 a 6 horas,4 horas,8,4 a 6 horas,"Redes sociales (Instagram, TikTok, Facebook, X), Juegos (Móviles)","Temprano en la mañana (antes de las 9:00), Mediodía (12:00 a 14:00), Tarde (17:00 a 20:00)","Temprano en la mañana (antes de las 9:00), Mediodía (12:00 a 14:00), Tarde (17:00 a 20:00)",8,Ligeramente
2026-06-12 15:07:46,28,Iphone,4 a 6 horas,4,10,Más de 6 horas,Juegos (Móviles),Tarde (17:00 a 20:00),Noche (después de las 22:00),3,Ligeramente
2026-06-12 15:08:02,67,Iphone,Más de 6 horas,20,10,Más de 6 horas,"Redes sociales (Instagram, TikTok, Facebook, X), Comunicación (WhatsApp, Telegram, llamadas), Consumo de video (YouTube, Netflix), Juegos (Móviles), Trabajo o estudios, Lectura de noticias o navegación web","Temprano en la mañana (antes de las 9:00), Mediodía (12:00 a 14:00), Tarde (17:00 a 20:00), Noche (después de las 22:00)","Temprano en la mañana (antes de las 9:00), Mediodía (12:00 a 14:00), Tarde (17:00 a 20:00), Noche (después de las 22:00)",10,Significativamente
2026-06-12 15:08:43,16,Android,Menos de 1 hora,5 horas,10,4 a 6 horas,"Consumo de video (YouTube, Netflix)",Tarde (17:00 a 20:00),Mediodía (12:00 a 14:00),4,Ligeramente
2026-06-12 15:08:45,16,Android,1 a 2 horas,2,10,1 a 2 horas,Trabajo o estudios,Temprano en la mañana (antes de las 9:00),Tarde (17:00 a 20:00),3,"No, en absoluto"
2026-06-12 15:11:23,14,Android,2 a 4 horas,En tiktok 2 horas,6,Más de 6 horas,"Redes sociales (Instagram, TikTok, Facebook, X)",Temprano en la mañana (antes de las 9:00),Temprano en la mañana (antes de las 9:00),10,"No, en absoluto"
2026-06-12 15:15:34,15,Android,4 a 6 horas,Y nose qsy ,7,2 a 4 horas,"Redes sociales (Instagram, TikTok, Facebook, X)",Noche (después de las 22:00),"Mediodía (12:00 a 14:00), Noche (después de las 22:00)",2,Moderadamente
2026-06-12 15:15:43,27,Android,4 a 6 horas,"De 2 a 4 horas tik tok,WhatsApp  Facebook ",9,2 a 4 horas,"Redes sociales (Instagram, TikTok, Facebook, X), Comunicación (WhatsApp, Telegram, llamadas), Lectura de noticias o navegación web","Temprano en la mañana (antes de las 9:00), Mediodía (12:00 a 14:00), Tarde (17:00 a 20:00)","Temprano en la mañana (antes de las 9:00), Mediodía (12:00 a 14:00), Tarde (17:00 a 20:00)",3,"No, en absoluto"
2026-06-12 15:18:03,20,Android,1 a 2 horas,Instagram ,7,1 a 2 horas,"Comunicación (WhatsApp, Telegram, llamadas), Juegos (Móviles), Trabajo o estudios",Tarde (17:00 a 20:00),Mediodía (12:00 a 14:00),5,Moderadamente
2026-06-12 15:22:27,17,Iphone,4 a 6 horas,Tiktok (4hrs) Instagram (1hora) Whatsapp (4hrs),7,2 a 4 horas,"Redes sociales (Instagram, TikTok, Facebook, X), Comunicación (WhatsApp, Telegram, llamadas), Trabajo o estudios","Temprano en la mañana (antes de las 9:00), Mediodía (12:00 a 14:00)",Mediodía (12:00 a 14:00),6,Moderadamente
2026-06-12 15:24:29,13 años ,Android,1 a 2 horas,Cómo 2 horas creo,2,2 a 4 horas,"Redes sociales (Instagram, TikTok, Facebook, X)",Mediodía (12:00 a 14:00),Mediodía (12:00 a 14:00),10,"No, en absoluto"
2026-06-12 15:27:35,17,Android,4 a 6 horas,3 a 4 horas ,2,Más de 6 horas,"Redes sociales (Instagram, TikTok, Facebook, X), Juegos (Móviles)","Mediodía (12:00 a 14:00), Tarde (17:00 a 20:00), Noche (después de las 22:00)","Mediodía (12:00 a 14:00), Tarde (17:00 a 20:00), Noche (después de las 22:00)",8,Significativamente
2026-06-12 15:28:20,19,Android,Más de 6 horas,8,9,Más de 6 horas,"Redes sociales (Instagram, TikTok, Facebook, X), Consumo de video (YouTube, Netflix)","Tarde (17:00 a 20:00), Noche (después de las 22:00)","Mediodía (12:00 a 14:00), Tarde (17:00 a 20:00), Noche (después de las 22:00)",10,Moderadamente
2026-06-12 15:28:31,18,Iphone,Más de 6 horas,2 horas,7,Más de 6 horas,"Redes sociales (Instagram, TikTok, Facebook, X), Comunicación (WhatsApp, Telegram, llamadas), Juegos (Móviles)","Mediodía (12:00 a 14:00), Tarde (17:00 a 20:00), Noche (después de las 22:00)","Mediodía (12:00 a 14:00), Tarde (17:00 a 20:00), Noche (después de las 22:00)",5,"No, en absoluto"
2026-06-12 15:31:16,40,Android,2 a 4 horas,2 horas,8,2 a 4 horas,"Comunicación (WhatsApp, Telegram, llamadas), Trabajo o estudios",Tarde (17:00 a 20:00),Tarde (17:00 a 20:00),5,"No, en absoluto"
2026-06-12 15:31:32,14,Android,1 a 2 horas,1 hs,8,1 a 2 horas,"Redes sociales (Instagram, TikTok, Facebook, X)",Tarde (17:00 a 20:00),Mediodía (12:00 a 14:00),5,"No, en absoluto"
2026-06-12 15:32:08,12,Android,1 a 2 horas,2 horas ,8,2 a 4 horas,"Redes sociales (Instagram, TikTok, Facebook, X)","Mediodía (12:00 a 14:00), Tarde (17:00 a 20:00), Noche (después de las 22:00)",Tarde (17:00 a 20:00),6,Moderadamente
2026-06-12 15:32:17,15,Android,1 a 2 horas,Un ratito ,3,Menos de 1 hora,"Consumo de video (YouTube, Netflix)","Temprano en la mañana (antes de las 9:00), Mediodía (12:00 a 14:00), Tarde (17:00 a 20:00), Noche (después de las 22:00)","Mediodía (12:00 a 14:00), Tarde (17:00 a 20:00)",1,"No, en absoluto"
2026-06-12 15:33:28,23,Android,2 a 4 horas,El tiempo que tenga libre ,10,4 a 6 horas,"Redes sociales (Instagram, TikTok, Facebook, X), Comunicación (WhatsApp, Telegram, llamadas), Trabajo o estudios","Mediodía (12:00 a 14:00), Tarde (17:00 a 20:00)","Mediodía (12:00 a 14:00), Tarde (17:00 a 20:00)",2,"No, en absoluto"
2026-06-12 15:33:44,24,Android,Más de 6 horas,Entre 10 a 40 min,10,1 a 2 horas,"Redes sociales (Instagram, TikTok, Facebook, X), Comunicación (WhatsApp, Telegram, llamadas), Trabajo o estudios","Temprano en la mañana (antes de las 9:00), Mediodía (12:00 a 14:00), Tarde (17:00 a 20:00)","Temprano en la mañana (antes de las 9:00), Mediodía (12:00 a 14:00), Tarde (17:00 a 20:00)",5,Moderadamente
2026-06-12 15:35:41,13,Android,Más de 6 horas,Nose muchas horas,4,Más de 6 horas,"Redes sociales (Instagram, TikTok, Facebook, X)","Temprano en la mañana (antes de las 9:00), Mediodía (12:00 a 14:00), Tarde (17:00 a 20:00), Noche (después de las 22:00)","Mediodía (12:00 a 14:00), Noche (después de las 22:00)",6,Ligeramente
2026-06-12 15:37:39,14,Iphone,4 a 6 horas,3,8,4 a 6 horas,"Redes sociales (Instagram, TikTok, Facebook, X), Comunicación (WhatsApp, Telegram, llamadas), Juegos (Móviles)","Temprano en la mañana (antes de las 9:00), Mediodía (12:00 a 14:00), Tarde (17:00 a 20:00), Noche (después de las 22:00)","Temprano en la mañana (antes de las 9:00), Mediodía (12:00 a 14:00), Tarde (17:00 a 20:00), Noche (después de las 22:00)",8,Ligeramente
2026-06-12 15:40:31,19,Android,4 a 6 horas,4 hs,8,4 a 6 horas,"Redes sociales (Instagram, TikTok, Facebook, X), Comunicación (WhatsApp, Telegram, llamadas), Consumo de video (YouTube, Netflix), Juegos (Móviles), Trabajo o estudios, Lectura de noticias o navegación web",Temprano en la mañana (antes de las 9:00),Mediodía (12:00 a 14:00),7,Moderadamente
2026-06-12 15:40:49,67,Iphone,4 a 6 horas,3,8,4 a 6 horas,"Redes sociales (Instagram, TikTok, Facebook, X), Comunicación (WhatsApp, Telegram, llamadas), Consumo de video (YouTube, Netflix)","Temprano en la mañana (antes de las 9:00), Tarde (17:00 a 20:00), Noche (después de las 22:00)","Temprano en la mañana (antes de las 9:00), Mediodía (12:00 a 14:00), Tarde (17:00 a 20:00), Noche (después de las 22:00)",5,"No, en absoluto"
2026-06-12 15:42:06,23,Android,2 a 4 horas,4 horas,7,4 a 6 horas,Trabajo o estudios,Tarde (17:00 a 20:00),Temprano en la mañana (antes de las 9:00),5,Moderadamente
2026-06-12 15:43:43,14 añis,Android,Más de 6 horas,3 hora,6,Más de 6 horas,"Redes sociales (Instagram, TikTok, Facebook, X)",Temprano en la mañana (antes de las 9:00),Mediodía (12:00 a 14:00),8,Moderadamente
2026-06-12 15:45:18,16,Iphone,2 a 4 horas,4,10,4 a 6 horas,"Redes sociales (Instagram, TikTok, Facebook, X), Comunicación (WhatsApp, Telegram, llamadas)",Mediodía (12:00 a 14:00),Mediodía (12:00 a 14:00),10,Moderadamente
2026-06-12 15:47:09,43,Android,4 a 6 horas,1 hora,9,2 a 4 horas,Trabajo o estudios,Temprano en la mañana (antes de las 9:00),Temprano en la mañana (antes de las 9:00),8,"No, en absoluto"
2026-06-12 15:50:49,Larry Vapija,Iphone,2 a 4 horas,"Anda caga, pedazo de retrasado ojalá te mueras",10,1 a 2 horas,"Redes sociales (Instagram, TikTok, Facebook, X), Comunicación (WhatsApp, Telegram, llamadas), Consumo de video (YouTube, Netflix), Juegos (Móviles), Trabajo o estudios, Lectura de noticias o navegación web","Temprano en la mañana (antes de las 9:00), Mediodía (12:00 a 14:00), Tarde (17:00 a 20:00), Noche (después de las 22:00)","Temprano en la mañana (antes de las 9:00), Mediodía (12:00 a 14:00), Tarde (17:00 a 20:00), Noche (después de las 22:00)",3,Moderadamente
2026-06-12 15:54:15,14,Android,1 a 2 horas,4 horas,8,4 a 6 horas,"Redes sociales (Instagram, TikTok, Facebook, X), Comunicación (WhatsApp, Telegram, llamadas), Trabajo o estudios","Temprano en la mañana (antes de las 9:00), Noche (después de las 22:00)","Tarde (17:00 a 20:00), Noche (después de las 22:00)",5,"No, en absoluto"
2026-06-12 16:00:12,16,Android,Más de 6 horas,8 horas,8,Más de 6 horas,"Redes sociales (Instagram, TikTok, Facebook, X), Comunicación (WhatsApp, Telegram, llamadas)","Temprano en la mañana (antes de las 9:00), Mediodía (12:00 a 14:00), Tarde (17:00 a 20:00), Noche (después de las 22:00)","Temprano en la mañana (antes de las 9:00), Mediodía (12:00 a 14:00), Tarde (17:00 a 20:00), Noche (después de las 22:00)",9,Ligeramente
2026-06-12 16:01:10,16,Android,Más de 6 horas,8 horas,10,Más de 6 horas,"Redes sociales (Instagram, TikTok, Facebook, X), Comunicación (WhatsApp, Telegram, llamadas), Consumo de video (YouTube, Netflix), Juegos (Móviles), Trabajo o estudios, Lectura de noticias o navegación web","Mediodía (12:00 a 14:00), Tarde (17:00 a 20:00), Noche (después de las 22:00)","Mediodía (12:00 a 14:00), Tarde (17:00 a 20:00), Noche (después de las 22:00)",6,Ligeramente
2026-06-12 16:04:05,14,Android,Menos de 1 hora,Masomenos ,7,Menos de 1 hora,"Redes sociales (Instagram, TikTok, Facebook, X), Comunicación (WhatsApp, Telegram, llamadas)","Mediodía (12:00 a 14:00), Tarde (17:00 a 20:00)","Mediodía (12:00 a 14:00), Tarde (17:00 a 20:00)",6,"No, en absoluto"
2026-06-12 16:19:22,20 años,Iphone,Más de 6 horas,Dependiendo el Día laboral ,9,Más de 6 horas,"Redes sociales (Instagram, TikTok, Facebook, X)","Temprano en la mañana (antes de las 9:00), Mediodía (12:00 a 14:00), Tarde (17:00 a 20:00), Noche (después de las 22:00)","Temprano en la mañana (antes de las 9:00), Mediodía (12:00 a 14:00), Tarde (17:00 a 20:00), Noche (después de las 22:00)",8,"No, en absoluto"
2026-06-12 16:33:45,16,Android,2 a 4 horas,No sabría decirte,7,2 a 4 horas,"Redes sociales (Instagram, TikTok, Facebook, X), Comunicación (WhatsApp, Telegram, llamadas), Juegos (Móviles), Trabajo o estudios","Temprano en la mañana (antes de las 9:00), Noche (después de las 22:00)","Tarde (17:00 a 20:00), Noche (después de las 22:00)",9,"No, en absoluto"
2026-06-12 16:40:44,19,Android,1 a 2 horas,una hora,9,2 a 4 horas,"Redes sociales (Instagram, TikTok, Facebook, X), Comunicación (WhatsApp, Telegram, llamadas), Juegos (Móviles), Trabajo o estudios","Temprano en la mañana (antes de las 9:00), Tarde (17:00 a 20:00)","Mediodía (12:00 a 14:00), Noche (después de las 22:00)",7,"No, en absoluto"
2026-06-12 17:00:21,13,Android,4 a 6 horas,Casi siempre ,10,4 a 6 horas,"Redes sociales (Instagram, TikTok, Facebook, X), Trabajo o estudios",Mediodía (12:00 a 14:00),Temprano en la mañana (antes de las 9:00),10,Ligeramente
2026-06-12 17:14:48,46,Android,2 a 4 horas,Entre 2 y 4 horas ,7,2 a 4 horas,"Comunicación (WhatsApp, Telegram, llamadas), Juegos (Móviles), Trabajo o estudios",Tarde (17:00 a 20:00),Tarde (17:00 a 20:00),5,Moderadamente
2026-06-12 17:26:56,24,Android,Más de 6 horas,Más de 6 horas ,6,Más de 6 horas,"Redes sociales (Instagram, TikTok, Facebook, X), Comunicación (WhatsApp, Telegram, llamadas), Consumo de video (YouTube, Netflix), Trabajo o estudios, Lectura de noticias o navegación web",Temprano en la mañana (antes de las 9:00),Mediodía (12:00 a 14:00),10,Ligeramente
2026-06-12 17:35:39,15,Android,Más de 6 horas,Mas de 6 horas,7,Más de 6 horas,"Redes sociales (Instagram, TikTok, Facebook, X), Comunicación (WhatsApp, Telegram, llamadas), Trabajo o estudios, Lectura de noticias o navegación web","Temprano en la mañana (antes de las 9:00), Mediodía (12:00 a 14:00), Tarde (17:00 a 20:00), Noche (después de las 22:00)","Temprano en la mañana (antes de las 9:00), Mediodía (12:00 a 14:00), Tarde (17:00 a 20:00), Noche (después de las 22:00)",8,"No, en absoluto"
2026-06-12 17:36:23,13,Android,1 a 2 horas,1 hora,9,Menos de 1 hora,"Redes sociales (Instagram, TikTok, Facebook, X)",Mediodía (12:00 a 14:00),Tarde (17:00 a 20:00),7,"No, en absoluto"
2026-06-12 17:47:15,19,Android,Más de 6 horas,6,8,4 a 6 horas,"Redes sociales (Instagram, TikTok, Facebook, X), Comunicación (WhatsApp, Telegram, llamadas), Consumo de video (YouTube, Netflix), Lectura de noticias o navegación web",Noche (después de las 22:00),"Tarde (17:00 a 20:00), Noche (después de las 22:00)",5,"No, en absoluto"
2026-06-12 18:00:59,35,Android,1 a 2 horas,3,8,1 a 2 horas,"Redes sociales (Instagram, TikTok, Facebook, X), Trabajo o estudios",Mediodía (12:00 a 14:00),Tarde (17:00 a 20:00),4,Ligeramente
2026-06-12 18:16:46,12,Android,4 a 6 horas,4 horas más o menos,8,Más de 6 horas,Lectura de noticias o navegación web,Mediodía (12:00 a 14:00),Mediodía (12:00 a 14:00),8,"No, en absoluto"
2026-06-12 18:22:54,18,Android,4 a 6 horas,2hs cda una,8,4 a 6 horas,"Redes sociales (Instagram, TikTok, Facebook, X), Consumo de video (YouTube, Netflix), Juegos (Móviles)","Temprano en la mañana (antes de las 9:00), Mediodía (12:00 a 14:00), Tarde (17:00 a 20:00), Noche (después de las 22:00)",Tarde (17:00 a 20:00),6,Significativamente
2026-06-12 18:44:54,19,Android,1 a 2 horas,Depende del día 4-6 horas ,7,Más de 6 horas,"Redes sociales (Instagram, TikTok, Facebook, X), Comunicación (WhatsApp, Telegram, llamadas), Consumo de video (YouTube, Netflix), Juegos (Móviles), Trabajo o estudios",Tarde (17:00 a 20:00),Mediodía (12:00 a 14:00),8,Ligeramente
2026-06-12 19:14:29,47,Android,4 a 6 horas,1hora,8,Más de 6 horas,"Comunicación (WhatsApp, Telegram, llamadas), Trabajo o estudios, Lectura de noticias o navegación web",Tarde (17:00 a 20:00),Tarde (17:00 a 20:00),5,"No, en absoluto"
2026-06-12 19:56:40,47,Iphone,Más de 6 horas,2,10,4 a 6 horas,Trabajo o estudios,Temprano en la mañana (antes de las 9:00),Mediodía (12:00 a 14:00),8,"No, en absoluto"
2026-06-12 20:58:18,14,Android,1 a 2 horas,1a2horas mínimas ,9,2 a 4 horas,"Redes sociales (Instagram, TikTok, Facebook, X)",Temprano en la mañana (antes de las 9:00),Noche (después de las 22:00),7,Significativamente
2026-06-12 21:31:08,44,Android,4 a 6 horas,4 hora,7,Más de 6 horas,"Comunicación (WhatsApp, Telegram, llamadas), Lectura de noticias o navegación web",Noche (después de las 22:00),Tarde (17:00 a 20:00),5,"No, en absoluto"
2026-06-12 21:49:57,20,Android,Más de 6 horas,Muchooo,8,Más de 6 horas,"Redes sociales (Instagram, TikTok, Facebook, X), Trabajo o estudios","Temprano en la mañana (antes de las 9:00), Noche (después de las 22:00)","Tarde (17:00 a 20:00), Noche (después de las 22:00)",10,Significativamente
2026-06-13 05:15:02,47,Android,2 a 4 horas,1,1,4 a 6 horas,"Consumo de video (YouTube, Netflix)",Tarde (17:00 a 20:00),"Mediodía (12:00 a 14:00), Tarde (17:00 a 20:00)",3,Significativamente
2026-06-13 11:15:31,14,Android,1 a 2 horas,2 hs,9,2 a 4 horas,"Redes sociales (Instagram, TikTok, Facebook, X), Juegos (Móviles)","Mediodía (12:00 a 14:00), Tarde (17:00 a 20:00)","Mediodía (12:00 a 14:00), Tarde (17:00 a 20:00)",7,"No, en absoluto"
2026-06-13 13:06:36,21,Iphone,Más de 6 horas,7 o 8 horas,7,Más de 6 horas,"Redes sociales (Instagram, TikTok, Facebook, X), Comunicación (WhatsApp, Telegram, llamadas), Consumo de video (YouTube, Netflix), Trabajo o estudios, Lectura de noticias o navegación web","Mediodía (12:00 a 14:00), Tarde (17:00 a 20:00), Noche (después de las 22:00)","Mediodía (12:00 a 14:00), Tarde (17:00 a 20:00), Noche (después de las 22:00)",10,Moderadamente
2026-06-13 13:07:34,20,Android,4 a 6 horas,8,10,2 a 4 horas,"Redes sociales (Instagram, TikTok, Facebook, X), Comunicación (WhatsApp, Telegram, llamadas), Consumo de video (YouTube, Netflix)",Tarde (17:00 a 20:00),"Temprano en la mañana (antes de las 9:00), Mediodía (12:00 a 14:00), Tarde (17:00 a 20:00), Noche (después de las 22:00)",7,Ligeramente
2026-06-13 13:20:42,19,Android,Más de 6 horas,6 horas ,8,Más de 6 horas,"Comunicación (WhatsApp, Telegram, llamadas)",Noche (después de las 22:00),Noche (después de las 22:00),4,Moderadamente
2026-06-13 13:20:49,23,Android,Más de 6 horas,TikTok,2,4 a 6 horas,"Redes sociales (Instagram, TikTok, Facebook, X), Comunicación (WhatsApp, Telegram, llamadas)","Temprano en la mañana (antes de las 9:00), Mediodía (12:00 a 14:00), Tarde (17:00 a 20:00), Noche (después de las 22:00)","Temprano en la mañana (antes de las 9:00), Mediodía (12:00 a 14:00), Tarde (17:00 a 20:00), Noche (después de las 22:00)",7,Significativamente
2026-06-13 13:42:10,24,Android,4 a 6 horas,4,7,4 a 6 horas,"Redes sociales (Instagram, TikTok, Facebook, X), Consumo de video (YouTube, Netflix)","Mediodía (12:00 a 14:00), Tarde (17:00 a 20:00), Noche (después de las 22:00)","Mediodía (12:00 a 14:00), Tarde (17:00 a 20:00), Noche (después de las 22:00)",4,Significativamente
2026-06-13 13:44:26,28,Iphone,Más de 6 horas,3 horas,8,Más de 6 horas,"Redes sociales (Instagram, TikTok, Facebook, X), Comunicación (WhatsApp, Telegram, llamadas)",Noche (después de las 22:00),Noche (después de las 22:00),8,Significativamente
2026-06-13 13:48:17,45,"Android, Iphone",Más de 6 horas,4 hs,10,1 a 2 horas,"Redes sociales (Instagram, TikTok, Facebook, X), Comunicación (WhatsApp, Telegram, llamadas), Trabajo o estudios","Temprano en la mañana (antes de las 9:00), Tarde (17:00 a 20:00)","Mediodía (12:00 a 14:00), Tarde (17:00 a 20:00)",6,Significativamente
2026-06-13 17:18:17,13,Android,4 a 6 horas,5,10,Más de 6 horas,"Redes sociales (Instagram, TikTok, Facebook, X)","Temprano en la mañana (antes de las 9:00), Tarde (17:00 a 20:00)","Temprano en la mañana (antes de las 9:00), Tarde (17:00 a 20:00), Noche (después de las 22:00)",9,"No, en absoluto"
2026-06-16 03:53:27,15,Iphone,Más de 6 horas,"No estoy segura, varía dependiendo qué día sea.",7,Más de 6 horas,"Comunicación (WhatsApp, Telegram, llamadas)","Mediodía (12:00 a 14:00), Tarde (17:00 a 20:00)","Tarde (17:00 a 20:00), Noche (después de las 22:00)",8,Significativamente
2026-06-16 17:02:48,55,Android,Más de 6 horas,1,9,Más de 6 horas,"Redes sociales (Instagram, TikTok, Facebook, X), Comunicación (WhatsApp, Telegram, llamadas), Trabajo o estudios, Lectura de noticias o navegación web",Temprano en la mañana (antes de las 9:00),Mediodía (12:00 a 14:00),10,Significativamente
2026-06-19 11:26:26,21,Android,1 a 2 horas,Twitter,3,4 a 6 horas,"Redes sociales (Instagram, TikTok, Facebook, X), Consumo de video (YouTube, Netflix), Juegos (Móviles)",Temprano en la mañana (antes de las 9:00),Temprano en la mañana (antes de las 9:00),1,Ligeramente
2026-06-19 11:27:40,34,Iphone,4 a 6 horas,Instagram,10,Más de 6 horas,"Juegos (Móviles), Trabajo o estudios",Tarde (17:00 a 20:00),Mediodía (12:00 a 14:00),9,Significativamente
2026-06-19 11:28:58,12,Android,1 a 2 horas,"TikTok,Facebook",10,Más de 6 horas,"Redes sociales (Instagram, TikTok, Facebook, X), Lectura de noticias o navegación web","Temprano en la mañana (antes de las 9:00), Mediodía (12:00 a 14:00), Tarde (17:00 a 20:00)","Temprano en la mañana (antes de las 9:00), Mediodía (12:00 a 14:00), Tarde (17:00 a 20:00), Noche (después de las 22:00)",10,"No, en absoluto"
2026-06-19 11:32:18,50,Android,Menos de 1 hora,"YouTube, Facebook",5,2 a 4 horas,"Comunicación (WhatsApp, Telegram, llamadas), Consumo de video (YouTube, Netflix)","Temprano en la mañana (antes de las 9:00), Noche (después de las 22:00)","Temprano en la mañana (antes de las 9:00), Noche (después de las 22:00)",10,Ligeramente
2026-06-19 11:33:21,10,Iphone,4 a 6 horas,Facebook,7,1 a 2 horas,"Consumo de video (YouTube, Netflix)",Temprano en la mañana (antes de las 9:00),Temprano en la mañana (antes de las 9:00),5,Moderadamente
2026-06-19 11:36:17,18,"Android, Iphone",4 a 6 horas,8,1,Más de 6 horas,"Juegos (Móviles), Lectura de noticias o navegación web",Temprano en la mañana (antes de las 9:00),Temprano en la mañana (antes de las 9:00),6,Significativamente
2026-06-23 16:36:25,18,Android,Más de 6 horas,+6,9,Más de 6 horas,"Redes sociales (Instagram, TikTok, Facebook, X)",Tarde (17:00 a 20:00),Tarde (17:00 a 20:00),7,Ligeramente
2026-06-23 16:47:30,16,Android,4 a 6 horas,3,9,Más de 6 horas,"Redes sociales (Instagram, TikTok, Facebook, X), Consumo de video (YouTube, Netflix), Juegos (Móviles)","Mediodía (12:00 a 14:00), Noche (después de las 22:00)","Mediodía (12:00 a 14:00), Tarde (17:00 a 20:00), Noche (después de las 22:00)",8,Ligeramente
2026-06-23 17:21:12,15,Android,Menos de 1 hora,"20 horas si se trata de un día, o si no 48 horas toda la semana ",7,Más de 6 horas,"Redes sociales (Instagram, TikTok, Facebook, X), Comunicación (WhatsApp, Telegram, llamadas)","Temprano en la mañana (antes de las 9:00), Mediodía (12:00 a 14:00), Tarde (17:00 a 20:00), Noche (después de las 22:00)","Mediodía (12:00 a 14:00), Tarde (17:00 a 20:00), Noche (después de las 22:00)",10,Ligeramente
2026-06-23 17:36:12,57,Android,2 a 4 horas,Máximo 5 ,6,Menos de 1 hora,"Redes sociales (Instagram, TikTok, Facebook, X), Comunicación (WhatsApp, Telegram, llamadas), Consumo de video (YouTube, Netflix)",Noche (después de las 22:00),"Mediodía (12:00 a 14:00), Tarde (17:00 a 20:00)",5,Moderadamente
2026-06-23 17:51:12,46,Android,4 a 6 horas,4 horas,7,Más de 6 horas,"Comunicación (WhatsApp, Telegram, llamadas), Juegos (Móviles)",Temprano en la mañana (antes de las 9:00),Mediodía (12:00 a 14:00),2,Moderadamente
2026-06-23 18:06:12,21,Android,2 a 4 horas,4 hora,7,2 a 4 horas,"Redes sociales (Instagram, TikTok, Facebook, X), Comunicación (WhatsApp, Telegram, llamadas)","Temprano en la mañana (antes de las 9:00), Mediodía (12:00 a 14:00)","Mediodía (12:00 a 14:00), Tarde (17:00 a 20:00), Noche (después de las 22:00)",4,"No, en absoluto"
2026-06-23 18:21:12,19,Android,4 a 6 horas,Entre 1 y 2  horas,10,Más de 6 horas,"Redes sociales (Instagram, TikTok, Facebook, X)",Tarde (17:00 a 20:00),"Temprano en la mañana (antes de las 9:00), Tarde (17:00 a 20:00)",8,Moderadamente
2026-06-23 18:36:12,19,Android,Más de 6 horas,Entre 10 a 40 min,8,Más de 6 horas,"Comunicación (WhatsApp, Telegram, llamadas)",Temprano en la mañana (antes de las 9:00),Mediodía (12:00 a 14:00),10,Moderadamente
2026-06-23 18:51:12,19,Android,2 a 4 horas,4,10,Más de 6 horas,"Redes sociales (Instagram, TikTok, Facebook, X), Lectura de noticias o navegación web",Temprano en la mañana (antes de las 9:00),"Temprano en la mañana (antes de las 9:00), Mediodía (12:00 a 14:00), Tarde (17:00 a 20:00)",3,Moderadamente
2026-06-23 19:06:12,46,Android,Más de 6 horas,8,9,4 a 6 horas,"Redes sociales (Instagram, TikTok, Facebook, X), Comunicación (WhatsApp, Telegram, llamadas), Trabajo o estudios","Temprano en la mañana (antes de las 9:00), Mediodía (12:00 a 14:00), Tarde (17:00 a 20:00)",Tarde (17:00 a 20:00),6,Moderadamente
2026-06-23 19:21:12,14,Android,Más de 6 horas,Mas de 6 horas,7,4 a 6 horas,"Redes sociales (Instagram, TikTok, Facebook, X), Trabajo o estudios",Mediodía (12:00 a 14:00),"Mediodía (12:00 a 14:00), Tarde (17:00 a 20:00), Noche (después de las 22:00)",5,Ligeramente
2026-06-23 19:36:12,21,Iphone,4 a 6 horas,11 horas,10,Más de 6 horas,Trabajo o estudios,Temprano en la mañana (antes de las 9:00),Mediodía (12:00 a 14:00),6,"No, en absoluto"
2026-06-23 19:51:12,13,Android,2 a 4 horas,1 hora,9,2 a 4 horas,Trabajo o estudios,"Temprano en la mañana (antes de las 9:00), Mediodía (12:00 a 14:00), Tarde (17:00 a 20:00)",Mediodía (12:00 a 14:00),3,"No, en absoluto"
2026-06-23 20:06:12,15,Android,Menos de 1 hora,Una hora y media ,7,Más de 6 horas,Trabajo o estudios,Mediodía (12:00 a 14:00),"Mediodía (12:00 a 14:00), Noche (después de las 22:00)",4,Moderadamente
2026-06-23 20:21:12,20,Iphone,2 a 4 horas,2 hs,9,1 a 2 horas,"Redes sociales (Instagram, TikTok, Facebook, X), Comunicación (WhatsApp, Telegram, llamadas), Juegos (Móviles), Trabajo o estudios","Mediodía (12:00 a 14:00), Tarde (17:00 a 20:00)",Noche (después de las 22:00),6,Moderadamente
2026-06-23 20:36:12,14,Iphone,1 a 2 horas,De 2 a 5 o 6 horas,9,Más de 6 horas,"Redes sociales (Instagram, TikTok, Facebook, X)",Temprano en la mañana (antes de las 9:00),"Temprano en la mañana (antes de las 9:00), Mediodía (12:00 a 14:00), Tarde (17:00 a 20:00), Noche (después de las 22:00)",6,Significativamente
2026-06-23 20:51:12,13,Android,Más de 6 horas,11 horas,7,2 a 4 horas,"Redes sociales (Instagram, TikTok, Facebook, X)",Temprano en la mañana (antes de las 9:00),"Mediodía (12:00 a 14:00), Tarde (17:00 a 20:00), Noche (después de las 22:00)",5,Moderadamente
2026-06-23 21:06:12,14,Iphone,Más de 6 horas,"TikTok,Facebook",8,Menos de 1 hora,"Redes sociales (Instagram, TikTok, Facebook, X)",Mediodía (12:00 a 14:00),Mediodía (12:00 a 14:00),4,Moderadamente
2026-06-23 21:21:12,34,Android,2 a 4 horas,20,8,4 a 6 horas,"Redes sociales (Instagram, TikTok, Facebook, X), Comunicación (WhatsApp, Telegram, llamadas), Consumo de video (YouTube, Netflix)",Mediodía (12:00 a 14:00),"Mediodía (12:00 a 14:00), Tarde (17:00 a 20:00)",9,Ligeramente
2026-06-23 21:36:12,60,Android,Más de 6 horas,1 hora ,9,2 a 4 horas,"Redes sociales (Instagram, TikTok, Facebook, X), Comunicación (WhatsApp, Telegram, llamadas)",Mediodía (12:00 a 14:00),Noche (después de las 22:00),3,Significativamente
2026-06-23 21:51:12,19,Iphone,Más de 6 horas,2,10,4 a 6 horas,"Redes sociales (Instagram, TikTok, Facebook, X)","Temprano en la mañana (antes de las 9:00), Noche (después de las 22:00)","Mediodía (12:00 a 14:00), Tarde (17:00 a 20:00), Noche (después de las 22:00)",2,Significativamente
2026-06-23 22:06:12,17,Android,Menos de 1 hora,1 hora,8,Menos de 1 hora,"Comunicación (WhatsApp, Telegram, llamadas), Consumo de video (YouTube, Netflix), Lectura de noticias o navegación web","Temprano en la mañana (antes de las 9:00), Mediodía (12:00 a 14:00), Tarde (17:00 a 20:00)",Noche (después de las 22:00),9,Moderadamente
2026-06-23 22:21:12,57,Android,Más de 6 horas,En tiktok 2 horas,7,Más de 6 horas,"Comunicación (WhatsApp, Telegram, llamadas), Consumo de video (YouTube, Netflix), Lectura de noticias o navegación web",Tarde (17:00 a 20:00),"Temprano en la mañana (antes de las 9:00), Mediodía (12:00 a 14:00), Tarde (17:00 a 20:00)",6,Moderadamente
2026-06-23 22:36:12,20,Android,4 a 6 horas,4 horas,7,4 a 6 horas,"Redes sociales (Instagram, TikTok, Facebook, X), Juegos (Móviles)","Temprano en la mañana (antes de las 9:00), Mediodía (12:00 a 14:00), Tarde (17:00 a 20:00)","Mediodía (12:00 a 14:00), Tarde (17:00 a 20:00), Noche (después de las 22:00)",7,Moderadamente
2026-06-23 22:51:12,24,Android,2 a 4 horas,TikTok,7,4 a 6 horas,"Redes sociales (Instagram, TikTok, Facebook, X)",Tarde (17:00 a 20:00),"Tarde (17:00 a 20:00), Noche (después de las 22:00)",6,Ligeramente
2026-06-23 23:06:12,46,Android,2 a 4 horas,Instagram ,8,Más de 6 horas,Trabajo o estudios,Tarde (17:00 a 20:00),Mediodía (12:00 a 14:00),7,Moderadamente
2026-06-23 23:21:12,24,Android,4 a 6 horas,2 horas ,8,Más de 6 horas,"Redes sociales (Instagram, TikTok, Facebook, X), Comunicación (WhatsApp, Telegram, llamadas), Consumo de video (YouTube, Netflix), Juegos (Móviles), Trabajo o estudios, Lectura de noticias o navegación web",Tarde (17:00 a 20:00),"Temprano en la mañana (antes de las 9:00), Tarde (17:00 a 20:00)",4,Ligeramente
2026-06-23 23:36:12,36,Android,Más de 6 horas,6 horas ,10,1 a 2 horas,"Redes sociales (Instagram, TikTok, Facebook, X), Consumo de video (YouTube, Netflix), Juegos (Móviles)","Mediodía (12:00 a 14:00), Tarde (17:00 a 20:00)","Mediodía (12:00 a 14:00), Noche (después de las 22:00)",10,Ligeramente
2026-06-23 23:51:12,45,Android,Más de 6 horas,Casi siempre ,6,Más de 6 horas,"Redes sociales (Instagram, TikTok, Facebook, X), Comunicación (WhatsApp, Telegram, llamadas), Juegos (Móviles), Trabajo o estudios, Lectura de noticias o navegación web","Tarde (17:00 a 20:00), Noche (después de las 22:00)",Mediodía (12:00 a 14:00),10,Moderadamente
2026-06-24 00:06:12,46,Android,1 a 2 horas,6Horas,8,Más de 6 horas,"Comunicación (WhatsApp, Telegram, llamadas), Juegos (Móviles), Trabajo o estudios, Lectura de noticias o navegación web","Mediodía (12:00 a 14:00), Tarde (17:00 a 20:00)","Temprano en la mañana (antes de las 9:00), Mediodía (12:00 a 14:00), Tarde (17:00 a 20:00), Noche (después de las 22:00)",8,Moderadamente
2026-06-24 00:21:12,23,Android,Más de 6 horas,3,7,Más de 6 horas,"Redes sociales (Instagram, TikTok, Facebook, X), Comunicación (WhatsApp, Telegram, llamadas)","Mediodía (12:00 a 14:00), Tarde (17:00 a 20:00)","Tarde (17:00 a 20:00), Noche (después de las 22:00)",10,"No, en absoluto"
2026-06-24 00:36:12,42,Android,1 a 2 horas,20,8,Más de 6 horas,"Comunicación (WhatsApp, Telegram, llamadas), Lectura de noticias o navegación web",Tarde (17:00 a 20:00),Temprano en la mañana (antes de las 9:00),5,Ligeramente
2026-06-24 00:51:12,45,Android,2 a 4 horas,Casi la mayor parte trabajo con eso son mis herramientas de trabajo (difusion a pleno),7,4 a 6 horas,"Redes sociales (Instagram, TikTok, Facebook, X)","Temprano en la mañana (antes de las 9:00), Mediodía (12:00 a 14:00), Tarde (17:00 a 20:00)","Tarde (17:00 a 20:00), Noche (después de las 22:00)",8,Ligeramente
2026-06-24 01:06:12,19,Iphone,1 a 2 horas,4 o 5 horas,7,2 a 4 horas,"Redes sociales (Instagram, TikTok, Facebook, X), Comunicación (WhatsApp, Telegram, llamadas), Consumo de video (YouTube, Netflix), Juegos (Móviles), Trabajo o estudios, Lectura de noticias o navegación web",Noche (después de las 22:00),"Mediodía (12:00 a 14:00), Tarde (17:00 a 20:00), Noche (después de las 22:00)",8,"No, en absoluto"
2026-06-24 01:21:12,29,Android,4 a 6 horas,4 horas,8,Más de 6 horas,"Consumo de video (YouTube, Netflix)","Temprano en la mañana (antes de las 9:00), Mediodía (12:00 a 14:00), Tarde (17:00 a 20:00), Noche (después de las 22:00)",Mediodía (12:00 a 14:00),7,Significativamente
2026-06-24 01:36:12,48,Iphone,Menos de 1 hora,2 a 3 horas ,7,4 a 6 horas,"Redes sociales (Instagram, TikTok, Facebook, X), Comunicación (WhatsApp, Telegram, llamadas)","Temprano en la mañana (antes de las 9:00), Mediodía (12:00 a 14:00), Tarde (17:00 a 20:00), Noche (después de las 22:00)",Tarde (17:00 a 20:00),7,Ligeramente
2026-06-24 01:51:12,36,Android,Menos de 1 hora,4 hs,7,Más de 6 horas,"Redes sociales (Instagram, TikTok, Facebook, X), Comunicación (WhatsApp, Telegram, llamadas), Consumo de video (YouTube, Netflix), Trabajo o estudios, Lectura de noticias o navegación web","Temprano en la mañana (antes de las 9:00), Mediodía (12:00 a 14:00), Tarde (17:00 a 20:00)","Temprano en la mañana (antes de las 9:00), Tarde (17:00 a 20:00), Noche (después de las 22:00)",3,Ligeramente
2026-06-24 02:06:12,19,Android,Más de 6 horas,3 horas,6,2 a 4 horas,"Redes sociales (Instagram, TikTok, Facebook, X), Comunicación (WhatsApp, Telegram, llamadas)","Temprano en la mañana (antes de las 9:00), Mediodía (12:00 a 14:00)",Mediodía (12:00 a 14:00),8,"No, en absoluto"
2026-06-24 02:21:12,19,Iphone,4 a 6 horas,Más de 6 horas ,10,4 a 6 horas,"Juegos (Móviles), Trabajo o estudios",Mediodía (12:00 a 14:00),"Temprano en la mañana (antes de las 9:00), Tarde (17:00 a 20:00), Noche (después de las 22:00)",5,Significativamente
2026-06-24 02:36:12,19,Android,Más de 6 horas,3 hs,6,1 a 2 horas,"Redes sociales (Instagram, TikTok, Facebook, X), Comunicación (WhatsApp, Telegram, llamadas)","Mediodía (12:00 a 14:00), Tarde (17:00 a 20:00), Noche (después de las 22:00)",Tarde (17:00 a 20:00),3,"No, en absoluto"
2026-06-24 02:51:12,19,Iphone,2 a 4 horas,Twitter,2,4 a 6 horas,"Redes sociales (Instagram, TikTok, Facebook, X), Trabajo o estudios",Noche (después de las 22:00),"Temprano en la mañana (antes de las 9:00), Tarde (17:00 a 20:00)",10,Moderadamente
2026-06-24 03:06:12,29,"Android, Iphone",Más de 6 horas,4,9,Más de 6 horas,"Redes sociales (Instagram, TikTok, Facebook, X), Comunicación (WhatsApp, Telegram, llamadas), Juegos (Móviles), Trabajo o estudios","Mediodía (12:00 a 14:00), Tarde (17:00 a 20:00), Noche (después de las 22:00)","Temprano en la mañana (antes de las 9:00), Mediodía (12:00 a 14:00), Tarde (17:00 a 20:00), Noche (después de las 22:00)",1,Ligeramente
2026-06-24 03:21:12,17,Android,2 a 4 horas,2hs cda una,9,Más de 6 horas,"Redes sociales (Instagram, TikTok, Facebook, X), Comunicación (WhatsApp, Telegram, llamadas), Lectura de noticias o navegación web",Mediodía (12:00 a 14:00),"Temprano en la mañana (antes de las 9:00), Mediodía (12:00 a 14:00)",4,Significativamente
2026-06-24 03:36:12,12,Android,Más de 6 horas,8,7,2 a 4 horas,"Comunicación (WhatsApp, Telegram, llamadas)","Temprano en la mañana (antes de las 9:00), Mediodía (12:00 a 14:00), Tarde (17:00 a 20:00)","Temprano en la mañana (antes de las 9:00), Mediodía (12:00 a 14:00), Tarde (17:00 a 20:00), Noche (después de las 22:00)",3,"No, en absoluto"
2026-06-24 03:51:12,44,Android,Más de 6 horas,2,9,1 a 2 horas,"Redes sociales (Instagram, TikTok, Facebook, X), Comunicación (WhatsApp, Telegram, llamadas), Trabajo o estudios",Tarde (17:00 a 20:00),"Mediodía (12:00 a 14:00), Tarde (17:00 a 20:00), Noche (después de las 22:00)",8,Significativamente
2026-06-24 04:06:12,15,Iphone,Más de 6 horas,Casi siempre ,9,Más de 6 horas,"Redes sociales (Instagram, TikTok, Facebook, X), Juegos (Móviles)",Tarde (17:00 a 20:00),"Mediodía (12:00 a 14:00), Tarde (17:00 a 20:00), Noche (después de las 22:00)",8,"No, en absoluto"